cumulative_reward,hit_rate@10,ndcg@10,intra_list_diversity,catalog_coverage,novelty,agent
2.76296087214272,0.075,0.007434214009454539,0.9925,0.973,-9.217337189755995,Random
2.818324038054743,0.09,0.01050012316625139,1.0,1.0,-9.169596047737247,GlobalPop
11.425717730471565,0.66,0.19333092930151094,1.0,0.04,-13.362368271155585,PersonalPop
-6.414762121518704,0.035,0.02357906341699649,0.15025000000000002,0.323,-10.343576808357854,ε-greedy
-8.073081789884439,0.01,0.010339717004591454,0.05,0.001,-10.469315482236679,UCB
2.7914150462752136,0.085,0.013773842040621917,0.9895,0.978,-9.194655390041573,ThompsonSampling
2.6431746799765863,0.1,0.010954678528447764,0.99175,0.982,-9.147011578812679,Q-Learning
2.720292308287426,0.09,0.01005729041873993,0.99175,0.982,-9.147011578812679,DQN
21.72333179203011,0.525,0.29916590986150454,0.5692499999999999,0.55,-12.45428916199094,REINFORCE
